{
  "mean": 118530.24674933334,
  "median": 102384.0,
  "min": 32519.0,
  "max": 399095.0,
  "p10": 53490.5,
  "p25": 71852.5,
  "p50": 102384.0,
  "p75": 150603.30000000002,
  "p90": 205515.6,
  "median_by_experience": {
    "Entry-level": 62050.82000000001,
    "Executive": 182943.18,
    "Mid-level": 87129.0,
    "Senior": 119839.0
  }
}